Top%,EF
1,9.348626451430189
5,2.617615406400453
10,1.682752761257434
