Top%,EF
1,4.825187542623323
5,3.015742214139577
10,2.1090298990495437
