Top%,EF
1,5.986585755349728
5,3.767199796902767
10,3.172378776339172
