Top%,EF
1,3.8478760045924223
5,3.46308840413318
10,2.9821039035591275
