Top%,EF
1,8.912768299394607
5,5.0709627924817795
10,4.817414652857691
