Top%,EF
1,1.009259259259259
5,2.003676470588235
10,1.4
