Top%,EF
1,4.166540536344938
5,2.9341014815115947
10,2.445084567926329
