Top%,EF
1,12.89110120759057
5,5.145492626384346
10,3.246338597346021
