Top%,EF
1,23.03341750841751
5,7.8580834803057025
10,5.1151675485008825
