Top%,EF
1,19.686202686202684
5,8.73040293040293
10,5.128205128205128
