Top%,EF
1,3.6412206758837247
5,2.457827768698664
10,1.9377162629757785
