Top%,EF
1,9.913700977921161
5,3.078613693998309
10,2.5838364931771522
