Top%,EF
1,2.0307936507936506
5,2.60692789968652
10,2.6028482003129887
