Top%,EF
1,1.328157894736842
5,1.976425438596491
10,2.0402821970684886
