Top%,EF
1,1.8702424488690235
5,3.366436407964242
10,2.9923879181904374
