Top%,EF
1,8.439905965324714
5,3.8582427270055835
10,2.833397002644725
