{
  "processing_date": "2025-07-31T20:28:10.205764",
  "base_directory": "/store/jaeohshin/work/dock/virtual_screening/docking_output",
  "total_kinases": 26,
  "total_structures": 1251,
  "total_compounds": 315065,
  "total_docking_runs": 14626210,
  "kinase_summary": {
    "ABL1": {
      "n_structures": 49,
      "n_compounds": 10928,
      "n_actives": 8918,
      "n_decoys": 526554,
      "avg_active_score": -9.134291320923976,
      "avg_decoy_score": -8.889086266555756,
      "score_separation": 0.2452050543682205
    },
    "AKT1": {
      "n_structures": 48,
      "n_compounds": 16719,
      "n_actives": 14064,
      "n_decoys": 788448,
      "avg_active_score": -9.906385096700799,
      "avg_decoy_score": -8.801252092718864,
      "score_separation": 1.1051330039819351
    },
    "AKT2": {
      "n_structures": 49,
      "n_compounds": 7010,
      "n_actives": 5733,
      "n_decoys": 337757,
      "avg_active_score": -9.87397348683063,
      "avg_decoy_score": -8.697928037020699,
      "score_separation": 1.1760454498099318
    },
    "BRAF": {
      "n_structures": 48,
      "n_compounds": 10094,
      "n_actives": 7296,
      "n_decoys": 477216,
      "avg_active_score": -9.174729989035088,
      "avg_decoy_score": -8.752187877187689,
      "score_separation": 0.42254211184739887
    },
    "CDK2": {
      "n_structures": 49,
      "n_compounds": 28304,
      "n_actives": 23226,
      "n_decoys": 1211765,
      "avg_active_score": -8.537810212692671,
      "avg_decoy_score": -8.025152723506617,
      "score_separation": 0.5126574891860542
    },
    "CSF1R": {
      "n_structures": 49,
      "n_compounds": 12309,
      "n_actives": 8134,
      "n_decoys": 595007,
      "avg_active_score": -8.413014507007622,
      "avg_decoy_score": -8.220336987632079,
      "score_separation": 0.19267751937554323
    },
    "EGFR": {
      "n_structures": 43,
      "n_compounds": 35562,
      "n_actives": 23306,
      "n_decoys": 1478555,
      "avg_active_score": -8.81303827340599,
      "avg_decoy_score": -8.747124631819585,
      "score_separation": 0.06591364158640545
    },
    "FAK1": {
      "n_structures": 47,
      "n_compounds": 5450,
      "n_actives": 4700,
      "n_decoys": 251450,
      "avg_active_score": -7.5905765957446825,
      "avg_decoy_score": -7.910570451381983,
      "score_separation": -0.31999385563730076
    },
    "FGFR1": {
      "n_structures": 49,
      "n_compounds": 139,
      "n_actives": 6811,
      "n_decoys": 0,
      "avg_active_score": -9.182377037145793,
      "avg_decoy_score": null,
      "score_separation": null
    },
    "IGF1R": {
      "n_structures": 45,
      "n_compounds": 9439,
      "n_actives": 6660,
      "n_decoys": 418095,
      "avg_active_score": -9.46385885885886,
      "avg_decoy_score": -8.786852413925066,
      "score_separation": 0.6770064449337934
    },
    "JAK2": {
      "n_structures": 49,
      "n_compounds": 6602,
      "n_actives": 5243,
      "n_decoys": 318255,
      "avg_active_score": -8.167491893953844,
      "avg_decoy_score": -8.095166140359147,
      "score_separation": 0.07232575359469706
    },
    "KIT": {
      "n_structures": 49,
      "n_compounds": 10613,
      "n_actives": 8134,
      "n_decoys": 511903,
      "avg_active_score": -8.650639291861323,
      "avg_decoy_score": -8.469701212925106,
      "score_separation": 0.18093807893621694
    },
    "KPCB": {
      "n_structures": 48,
      "n_compounds": 8827,
      "n_actives": 6480,
      "n_decoys": 417216,
      "avg_active_score": -9.176989197530864,
      "avg_decoy_score": -8.813149975072863,
      "score_separation": 0.36383922245800093
    },
    "LCK": {
      "n_structures": 48,
      "n_compounds": 27794,
      "n_actives": 20160,
      "n_decoys": 1012724,
      "avg_active_score": -8.602455357142857,
      "avg_decoy_score": -8.438260592224536,
      "score_separation": 0.16419476491832086
    },
    "MAPK2": {
      "n_structures": 49,
      "n_compounds": 6248,
      "n_actives": 4949,
      "n_decoys": 301203,
      "avg_active_score": -8.315661749848454,
      "avg_decoy_score": -7.571608217713636,
      "score_separation": 0.7440535321348181
    },
    "MET": {
      "n_structures": 48,
      "n_compounds": 11406,
      "n_actives": 7968,
      "n_decoys": 539520,
      "avg_active_score": -9.531293925702812,
      "avg_decoy_score": -9.235671967674971,
      "score_separation": 0.29562195802784075
    },
    "MK01": {
      "n_structures": 48,
      "n_compounds": 4627,
      "n_actives": 3792,
      "n_decoys": 218304,
      "avg_active_score": -9.15191983122363,
      "avg_decoy_score": -8.367736505057167,
      "score_separation": 0.7841833261664632
    },
    "MK10": {
      "n_structures": 49,
      "n_compounds": 6703,
      "n_actives": 5096,
      "n_decoys": 323351,
      "avg_active_score": -8.344291601255888,
      "avg_decoy_score": -7.943698828826883,
      "score_separation": 0.4005927724290048
    },
    "MK14": {
      "n_structures": 49,
      "n_compounds": 36388,
      "n_actives": 28322,
      "n_decoys": 1199948,
      "avg_active_score": -8.602488877904102,
      "avg_decoy_score": -8.270400925706781,
      "score_separation": 0.33208795219732146
    },
    "MP2K1": {
      "n_structures": 48,
      "n_compounds": 8268,
      "n_actives": 5808,
      "n_decoys": 391056,
      "avg_active_score": -8.432221074380164,
      "avg_decoy_score": -8.353450707827013,
      "score_separation": 0.07877036655315095
    },
    "PLK1": {
      "n_structures": 48,
      "n_compounds": 6904,
      "n_actives": 5136,
      "n_decoys": 326256,
      "avg_active_score": -8.527352024922118,
      "avg_decoy_score": -8.485348621941052,
      "score_separation": 0.04200340298106653
    },
    "ROCK1": {
      "n_structures": 49,
      "n_compounds": 6397,
      "n_actives": 4900,
      "n_decoys": 308553,
      "avg_active_score": -8.758618367346937,
      "avg_decoy_score": -8.220673693012223,
      "score_separation": 0.5379446743347138
    },
    "SRC": {
      "n_structures": 49,
      "n_compounds": 34978,
      "n_actives": 25676,
      "n_decoys": 865869,
      "avg_active_score": -9.31834670509425,
      "avg_decoy_score": -9.263104730623224,
      "score_separation": 0.0552419744710253
    },
    "TGFR1": {
      "n_structures": 48,
      "n_compounds": 8631,
      "n_actives": 6384,
      "n_decoys": 407904,
      "avg_active_score": -8.706132518796991,
      "avg_decoy_score": -8.205570428336078,
      "score_separation": 0.5005620904609138
    },
    "VGFR2": {
      "n_structures": 48,
      "n_compounds": 25334,
      "n_actives": 19632,
      "n_decoys": 832773,
      "avg_active_score": -9.412345150774247,
      "avg_decoy_score": -9.11563522112268,
      "score_separation": 0.2967099296515663
    },
    "WEE1": {
      "n_structures": 48,
      "n_compounds": 6250,
      "n_actives": 4896,
      "n_decoys": 295104,
      "avg_active_score": -6.169989787581699,
      "avg_decoy_score": -6.102541002494037,
      "score_separation": 0.06744878508766128
    }
  }
}