Top%,EF
1,7.392962943713944
5,3.3581224394921114
10,2.546268662911601
