Top%,EF
1,9.809669522643818
5,4.8181707168152395
10,3.7598341159968287
