Top%,EF
1,54.356419987349774
5,15.711412770236297
10,8.03921568627451
