Top%,EF
1,1.6665994759121145
5,0.496348027935085
10,0.5790726992575991
