Top%,EF
1,9.795031803335053
5,4.811947615619323
10,3.310000171353176
