Top%,EF
1,8.438173747622066
5,6.388902980342422
10,4.882086239695624
