Top%,EF
1,3.075167071999346
5,2.801818887821626
10,2.424513330187928
