Top%,EF
1,10.761014447376661
5,4.726406345514455
10,3.439304617494894
