Top%,EF
1,3.0536247688587546
5,1.9466857901474564
10,1.4695569200132759
